name,age_group,gender,languages_spoken,about,city,phone_number,email
Ravi_1,18-25,Male,Telugu,Experienced guide with knowledge of local history and attractions.,Bangalore,7521551020,ravi_1@example.com
Priya_2,26-35,Female,"Punjabi, Kannada",Experienced guide with knowledge of local history and attractions.,Bangalore,9749927089,priya_2@example.com
Arjun_3,36-45,Male,"English, Hindi, Punjabi",Experienced guide with knowledge of local history and attractions.,Bangalore,9855229965,arjun_3@example.com
Ananya_4,18-25,Female,"Kannada, Tamil",Experienced guide with knowledge of local history and attractions.,Bangalore,9539185430,ananya_4@example.com
Vikram_5,26-35,Male,"Hindi, Telugu, Punjabi",Experienced guide with knowledge of local history and attractions.,Bangalore,7142662983,vikram_5@example.com
Sneha_6,36-45,Female,Tamil,Experienced guide with knowledge of local history and attractions.,Bangalore,9460392627,sneha_6@example.com
Rohit_7,18-25,Male,Kannada,Experienced guide with knowledge of local history and attractions.,Bangalore,8355864646,rohit_7@example.com
Megha_8,26-35,Female,"Kannada, Telugu, English",Experienced guide with knowledge of local history and attractions.,Bangalore,6634146367,megha_8@example.com
Karthik_9,36-45,Male,"Tamil, Punjabi",Experienced guide with knowledge of local history and attractions.,Bangalore,8279412145,karthik_9@example.com
Nidhi_10,18-25,Female,"Tamil, Telugu, Kannada",Experienced guide with knowledge of local history and attractions.,Bangalore,7391527979,nidhi_10@example.com
Ravi_11,26-35,Male,"Punjabi, Kannada, Hindi",Experienced guide with knowledge of local history and attractions.,Bangalore,8756913000,ravi_11@example.com
Priya_12,36-45,Female,"Tamil, English",Experienced guide with knowledge of local history and attractions.,Bangalore,7250790345,priya_12@example.com
Arjun_13,18-25,Male,"English, Punjabi",Experienced guide with knowledge of local history and attractions.,Bangalore,9046097748,arjun_13@example.com
Ananya_14,26-35,Female,"Tamil, English, Kannada",Experienced guide with knowledge of local history and attractions.,Bangalore,9746384443,ananya_14@example.com
Vikram_15,36-45,Male,"Telugu, English, Kannada",Experienced guide with knowledge of local history and attractions.,Bangalore,8470553235,vikram_15@example.com
Sneha_16,18-25,Female,Kannada,Experienced guide with knowledge of local history and attractions.,Bangalore,9355965966,sneha_16@example.com
Rohit_17,26-35,Male,"Telugu, Punjabi, Tamil",Experienced guide with knowledge of local history and attractions.,Bangalore,8929026648,rohit_17@example.com
Megha_18,36-45,Female,Punjabi,Experienced guide with knowledge of local history and attractions.,Bangalore,6450103426,megha_18@example.com
Karthik_19,18-25,Male,"Kannada, English",Experienced guide with knowledge of local history and attractions.,Bangalore,8762241296,karthik_19@example.com
Nidhi_20,26-35,Female,Kannada,Experienced guide with knowledge of local history and attractions.,Bangalore,6884940735,nidhi_20@example.com
Raj_21,18-25,Male,Punjabi,Experienced guide with knowledge of local history and attractions.,Chennai,8433823808,raj_21@example.com
Divya_22,26-35,Female,Tamil,Experienced guide with knowledge of local history and attractions.,Chennai,7529355337,divya_22@example.com
Kumar_23,36-45,Male,"Hindi, Telugu",Experienced guide with knowledge of local history and attractions.,Chennai,6974570465,kumar_23@example.com
Aishwarya_24,18-25,Female,Hindi,Experienced guide with knowledge of local history and attractions.,Chennai,8939208005,aishwarya_24@example.com
Manoj_25,26-35,Male,Hindi,Experienced guide with knowledge of local history and attractions.,Chennai,7450403449,manoj_25@example.com
Sakshi_26,36-45,Female,Hindi,Experienced guide with knowledge of local history and attractions.,Chennai,8317132687,sakshi_26@example.com
Vijay_27,18-25,Male,Hindi,Experienced guide with knowledge of local history and attractions.,Chennai,6620264934,vijay_27@example.com
Lakshmi_28,26-35,Female,"Kannada, Tamil",Experienced guide with knowledge of local history and attractions.,Chennai,6785023261,lakshmi_28@example.com
Rahul_29,36-45,Male,Punjabi,Experienced guide with knowledge of local history and attractions.,Chennai,9092451679,rahul_29@example.com
Shweta_30,18-25,Female,"Punjabi, Hindi, Kannada",Experienced guide with knowledge of local history and attractions.,Chennai,9883054153,shweta_30@example.com
Raj_31,26-35,Male,"English, Telugu, Hindi",Experienced guide with knowledge of local history and attractions.,Chennai,8009267760,raj_31@example.com
Divya_32,36-45,Female,"Tamil, Kannada, English",Experienced guide with knowledge of local history and attractions.,Chennai,7272330852,divya_32@example.com
Kumar_33,18-25,Male,"Telugu, Kannada, Tamil",Experienced guide with knowledge of local history and attractions.,Chennai,9150735557,kumar_33@example.com
Aishwarya_34,26-35,Female,"Telugu, Kannada, Punjabi",Experienced guide with knowledge of local history and attractions.,Chennai,9534276226,aishwarya_34@example.com
Manoj_35,36-45,Male,"Telugu, Tamil, Kannada",Experienced guide with knowledge of local history and attractions.,Chennai,9909580088,manoj_35@example.com
Sakshi_36,18-25,Female,"Punjabi, Telugu",Experienced guide with knowledge of local history and attractions.,Chennai,8961794065,sakshi_36@example.com
Vijay_37,26-35,Male,Kannada,Experienced guide with knowledge of local history and attractions.,Chennai,9947477525,vijay_37@example.com
Lakshmi_38,36-45,Female,"English, Tamil, Hindi",Experienced guide with knowledge of local history and attractions.,Chennai,7734951904,lakshmi_38@example.com
Rahul_39,18-25,Male,Kannada,Experienced guide with knowledge of local history and attractions.,Chennai,8847332734,rahul_39@example.com
Shweta_40,26-35,Female,"Hindi, Telugu, Punjabi",Experienced guide with knowledge of local history and attractions.,Chennai,6682427894,shweta_40@example.com
Ramesh_41,18-25,Male,Telugu,Experienced guide with knowledge of local history and attractions.,Hyderabad,6419186833,ramesh_41@example.com
Anjali_42,26-35,Female,Kannada,Experienced guide with knowledge of local history and attractions.,Hyderabad,9702384043,anjali_42@example.com
Suresh_43,36-45,Male,"Tamil, Telugu, Kannada",Experienced guide with knowledge of local history and attractions.,Hyderabad,8003827447,suresh_43@example.com
Neha_44,18-25,Female,"Telugu, Punjabi, Kannada",Experienced guide with knowledge of local history and attractions.,Hyderabad,6457926717,neha_44@example.com
Praveen_45,26-35,Male,"Telugu, Kannada",Experienced guide with knowledge of local history and attractions.,Hyderabad,9166049667,praveen_45@example.com
Swathi_46,36-45,Female,Telugu,Experienced guide with knowledge of local history and attractions.,Hyderabad,9075171035,swathi_46@example.com
Raju_47,18-25,Male,"Punjabi, Kannada, Tamil",Experienced guide with knowledge of local history and attractions.,Hyderabad,7169122100,raju_47@example.com
Priyanka_48,26-35,Female,"Punjabi, Hindi, Telugu",Experienced guide with knowledge of local history and attractions.,Hyderabad,6899109176,priyanka_48@example.com
Sai_49,36-45,Male,"Punjabi, Hindi",Experienced guide with knowledge of local history and attractions.,Hyderabad,7541338355,sai_49@example.com
Pooja_50,18-25,Female,Punjabi,Experienced guide with knowledge of local history and attractions.,Hyderabad,9540600395,pooja_50@example.com
Ramesh_51,26-35,Male,"Hindi, English, Punjabi",Experienced guide with knowledge of local history and attractions.,Hyderabad,8171387453,ramesh_51@example.com
Anjali_52,36-45,Female,Kannada,Experienced guide with knowledge of local history and attractions.,Hyderabad,7864654326,anjali_52@example.com
Suresh_53,18-25,Male,English,Experienced guide with knowledge of local history and attractions.,Hyderabad,7655336869,suresh_53@example.com
Neha_54,26-35,Female,"English, Kannada",Experienced guide with knowledge of local history and attractions.,Hyderabad,8198059530,neha_54@example.com
Praveen_55,36-45,Male,"Punjabi, Kannada, Hindi",Experienced guide with knowledge of local history and attractions.,Hyderabad,8568150465,praveen_55@example.com
Swathi_56,18-25,Female,Kannada,Experienced guide with knowledge of local history and attractions.,Hyderabad,9401312770,swathi_56@example.com
Raju_57,26-35,Male,"English, Kannada",Experienced guide with knowledge of local history and attractions.,Hyderabad,8542195873,raju_57@example.com
Priyanka_58,36-45,Female,"Hindi, Telugu",Experienced guide with knowledge of local history and attractions.,Hyderabad,7228639327,priyanka_58@example.com
Sai_59,18-25,Male,"Tamil, Punjabi, Hindi",Experienced guide with knowledge of local history and attractions.,Hyderabad,9839468259,sai_59@example.com
Pooja_60,26-35,Female,Kannada,Experienced guide with knowledge of local history and attractions.,Hyderabad,7556950737,pooja_60@example.com
Amit_61,18-25,Male,"English, Kannada, Telugu",Experienced guide with knowledge of local history and attractions.,Mumbai,6614609930,amit_61@example.com
Sunita_62,26-35,Female,Kannada,Experienced guide with knowledge of local history and attractions.,Mumbai,8137176080,sunita_62@example.com
Ajay_63,36-45,Male,"English, Hindi, Telugu",Experienced guide with knowledge of local history and attractions.,Mumbai,9364700480,ajay_63@example.com
Pooja_64,18-25,Female,Tamil,Experienced guide with knowledge of local history and attractions.,Mumbai,8278987358,pooja_64@example.com
Vishal_65,26-35,Male,"Tamil, Kannada",Experienced guide with knowledge of local history and attractions.,Mumbai,9393248533,vishal_65@example.com
Rina_66,36-45,Female,"Hindi, Tamil, Telugu",Experienced guide with knowledge of local history and attractions.,Mumbai,9195224040,rina_66@example.com
Deepak_67,18-25,Male,"English, Kannada, Hindi",Experienced guide with knowledge of local history and attractions.,Mumbai,7798305624,deepak_67@example.com
Kajal_68,26-35,Female,Punjabi,Experienced guide with knowledge of local history and attractions.,Mumbai,7332170063,kajal_68@example.com
Nikhil_69,36-45,Male,Punjabi,Experienced guide with knowledge of local history and attractions.,Mumbai,7857375763,nikhil_69@example.com
Sara_70,18-25,Female,Kannada,Experienced guide with knowledge of local history and attractions.,Mumbai,7935429801,sara_70@example.com
Amit_71,26-35,Male,English,Experienced guide with knowledge of local history and attractions.,Mumbai,9001037185,amit_71@example.com
Sunita_72,36-45,Female,"Kannada, Hindi",Experienced guide with knowledge of local history and attractions.,Mumbai,9117661950,sunita_72@example.com
Ajay_73,18-25,Male,"English, Hindi, Tamil",Experienced guide with knowledge of local history and attractions.,Mumbai,7310160676,ajay_73@example.com
Pooja_74,26-35,Female,"Punjabi, Telugu, Hindi",Experienced guide with knowledge of local history and attractions.,Mumbai,7446590398,pooja_74@example.com
Vishal_75,36-45,Male,"Telugu, Punjabi, Kannada",Experienced guide with knowledge of local history and attractions.,Mumbai,7009241115,vishal_75@example.com
Rina_76,18-25,Female,"English, Telugu",Experienced guide with knowledge of local history and attractions.,Mumbai,7594758961,rina_76@example.com
Deepak_77,26-35,Male,Kannada,Experienced guide with knowledge of local history and attractions.,Mumbai,8920578450,deepak_77@example.com
Kajal_78,36-45,Female,"English, Tamil",Experienced guide with knowledge of local history and attractions.,Mumbai,8779605923,kajal_78@example.com
Nikhil_79,18-25,Male,English,Experienced guide with knowledge of local history and attractions.,Mumbai,6536844237,nikhil_79@example.com
Sara_80,26-35,Female,"Kannada, Tamil",Experienced guide with knowledge of local history and attractions.,Mumbai,7634940543,sara_80@example.com
Sanjeev_81,18-25,Male,"Tamil, English",Experienced guide with knowledge of local history and attractions.,Delhi,8852474058,sanjeev_81@example.com
Rekha_82,26-35,Female,Telugu,Experienced guide with knowledge of local history and attractions.,Delhi,7023594405,rekha_82@example.com
Anil_83,36-45,Male,Punjabi,Experienced guide with knowledge of local history and attractions.,Delhi,7532716550,anil_83@example.com
Sonia_84,18-25,Female,Punjabi,Experienced guide with knowledge of local history and attractions.,Delhi,9157980700,sonia_84@example.com
Ravi_85,26-35,Male,"English, Hindi",Experienced guide with knowledge of local history and attractions.,Delhi,6824467375,ravi_85@example.com
Simran_86,36-45,Female,"Telugu, Kannada, Punjabi",Experienced guide with knowledge of local history and attractions.,Delhi,9555239084,simran_86@example.com
Mohan_87,18-25,Male,"Tamil, Punjabi",Experienced guide with knowledge of local history and attractions.,Delhi,9406355502,mohan_87@example.com
Anita_88,26-35,Female,Hindi,Experienced guide with knowledge of local history and attractions.,Delhi,9630855313,anita_88@example.com
Tarun_89,36-45,Male,"Punjabi, Telugu, Tamil",Experienced guide with knowledge of local history and attractions.,Delhi,8158736326,tarun_89@example.com
Geeta_90,18-25,Female,Telugu,Experienced guide with knowledge of local history and attractions.,Delhi,6791515648,geeta_90@example.com
Sanjeev_91,26-35,Male,Punjabi,Experienced guide with knowledge of local history and attractions.,Delhi,8156242433,sanjeev_91@example.com
Rekha_92,36-45,Female,"Hindi, English",Experienced guide with knowledge of local history and attractions.,Delhi,8611659121,rekha_92@example.com
Anil_93,18-25,Male,"English, Telugu, Tamil",Experienced guide with knowledge of local history and attractions.,Delhi,7939916803,anil_93@example.com
Sonia_94,26-35,Female,English,Experienced guide with knowledge of local history and attractions.,Delhi,9426776096,sonia_94@example.com
Ravi_95,36-45,Male,"Telugu, Kannada, Tamil",Experienced guide with knowledge of local history and attractions.,Delhi,9246089158,ravi_95@example.com
Simran_96,18-25,Female,"Tamil, Hindi",Experienced guide with knowledge of local history and attractions.,Delhi,9431226108,simran_96@example.com
Mohan_97,26-35,Male,"Telugu, Hindi",Experienced guide with knowledge of local history and attractions.,Delhi,8842907810,mohan_97@example.com
Anita_98,36-45,Female,"English, Telugu",Experienced guide with knowledge of local history and attractions.,Delhi,9243493729,anita_98@example.com
Tarun_99,18-25,Male,"Tamil, Telugu, Kannada",Experienced guide with knowledge of local history and attractions.,Delhi,8289445692,tarun_99@example.com
Geeta_100,26-35,Female,"Kannada, Hindi",Experienced guide with knowledge of local history and attractions.,Delhi,6734541936,geeta_100@example.com
